{"cameraMode":{"drawMode":0,"name":"Shaded","section":"Shading Mode"},"sceneLighting":false,"audioPlay":false,"sceneViewState":{"m_AlwaysRefresh":false,"showFog":false,"showSkybox":false,"showFlares":false,"showImageEffects":false,"showParticleSystems":false,"showVisualEffectGraphs":true,"m_FxEnabled":true},"in2DMode":false,"pivot":{"x":0.003725871443748474,"y":0.8246448040008545,"z":0.15450376272201539},"rotation":{"x":-0.005338034592568874,"y":0.9728373885154724,"z":-0.2306719571352005,"w":-0.023095469921827318},"size":0.9628682136535645,"orthographic":false}