{"cameraMode":{"drawMode":0,"name":"Shaded","section":"Shading Mode"},"sceneLighting":false,"audioPlay":false,"sceneViewState":{"m_AlwaysRefresh":false,"showFog":true,"showSkybox":false,"showFlares":true,"showImageEffects":true,"showParticleSystems":true,"showVisualEffectGraphs":true,"m_FxEnabled":true},"in2DMode":false,"pivot":{"x":0.3240000009536743,"y":0.04399999976158142,"z":-0.01600000075995922},"rotation":{"x":0.013612629845738411,"y":-0.8005500435829163,"z":0.018304361030459405,"w":0.5992839932441711},"size":0.8660253882408142,"orthographic":false}