{"cameraMode":{"drawMode":0,"name":"Shaded","section":"Shading Mode"},"sceneLighting":false,"audioPlay":false,"sceneViewState":{"m_AlwaysRefresh":false,"showFog":true,"showSkybox":false,"showFlares":true,"showImageEffects":true,"showParticleSystems":true,"showVisualEffectGraphs":true,"m_FxEnabled":true},"in2DMode":false,"pivot":{"x":46.119998931884769,"y":1.4099998474121094,"z":41.029998779296878},"rotation":{"x":0.20016247034072877,"y":-0.5786849856376648,"z":0.14918893575668336,"w":0.7764177322387695},"size":1.2247447967529297,"orthographic":false}