{"cameraMode":{"drawMode":0,"name":"Shaded","section":"Shading Mode"},"sceneLighting":true,"audioPlay":false,"sceneViewState":{"m_AlwaysRefresh":false,"showFog":true,"showSkybox":true,"showFlares":true,"showImageEffects":true,"showParticleSystems":true,"showVisualEffectGraphs":true,"m_FxEnabled":true},"in2DMode":false,"pivot":{"x":0.14993643760681153,"y":1.5679998397827149,"z":1.20632803440094},"rotation":{"x":0.08889847248792649,"y":0.2851240932941437,"z":-0.022950930520892144,"w":0.9549000859260559},"size":0.6464099884033203,"orthographic":false}