{"cameraMode":{"drawMode":0,"name":"Shaded","section":"Shading Mode"},"sceneLighting":false,"audioPlay":false,"sceneViewState":{"m_AlwaysRefresh":false,"showFog":false,"showSkybox":false,"showFlares":false,"showImageEffects":false,"showParticleSystems":false,"showVisualEffectGraphs":true,"m_FxEnabled":true},"in2DMode":false,"pivot":{"x":0.03589676320552826,"y":0.8297244906425476,"z":-0.057025663554668429},"rotation":{"x":-0.06088005378842354,"y":0.9085087180137634,"z":-0.38820746541023257,"w":-0.14263218641281129},"size":0.9992790818214417,"orthographic":false}