{"cameraMode":{"drawMode":0,"name":"Shaded","section":"Shading Mode"},"sceneLighting":false,"audioPlay":false,"sceneViewState":{"m_AlwaysRefresh":false,"showFog":false,"showSkybox":false,"showFlares":false,"showImageEffects":false,"showParticleSystems":false,"showVisualEffectGraphs":true,"m_FxEnabled":true},"in2DMode":false,"pivot":{"x":0.02057860791683197,"y":0.7428716421127319,"z":-0.017897337675094606},"rotation":{"x":0.24526594579219819,"y":-0.43853941559791567,"z":0.12603583931922913,"w":0.8556341528892517},"size":0.9726495146751404,"orthographic":false}