{"cameraMode":{"drawMode":0,"name":"Shaded","section":"Shading Mode"},"sceneLighting":false,"audioPlay":false,"sceneViewState":{"m_AlwaysRefresh":false,"showFog":false,"showSkybox":false,"showFlares":false,"showImageEffects":false,"showParticleSystems":false,"showVisualEffectGraphs":true,"m_FxEnabled":true},"in2DMode":false,"pivot":{"x":-0.015724867582321168,"y":1.1759324073791505,"z":-0.18553590774536134},"rotation":{"x":-0.01082577183842659,"y":0.9805615544319153,"z":-0.18788675963878632,"w":-0.05716155096888542},"size":0.8596586585044861,"orthographic":false}