{"cameraMode":{"drawMode":0,"name":"Shaded","section":"Shading Mode"},"sceneLighting":false,"audioPlay":false,"sceneViewState":{"m_AlwaysRefresh":false,"showFog":false,"showSkybox":false,"showFlares":false,"showImageEffects":false,"showParticleSystems":false,"showVisualEffectGraphs":true,"m_FxEnabled":true},"in2DMode":false,"pivot":{"x":0.27859002351760867,"y":0.0745258703827858,"z":-0.06122133135795593},"rotation":{"x":0.1419656127691269,"y":0.780637264251709,"z":-0.18579410016536714,"w":0.5809267163276672},"size":0.6768693327903748,"orthographic":false}