{"cameraMode":{"drawMode":0,"name":"Shaded","section":"Shading Mode"},"sceneLighting":false,"audioPlay":false,"sceneViewState":{"m_AlwaysRefresh":false,"showFog":true,"showSkybox":false,"showFlares":true,"showImageEffects":true,"showParticleSystems":true,"showVisualEffectGraphs":true,"m_FxEnabled":true},"in2DMode":false,"pivot":{"x":1.4647836685180665,"y":1.1965898275375367,"z":4.376728534698486},"rotation":{"x":0.11190266907215119,"y":0.47509121894836428,"z":-0.06103605031967163,"w":0.8706912994384766},"size":0.6474506855010986,"orthographic":false}